TARGET_CLASS,configuration_id,criterion,ctg_min_time_per_job,ctg_schedule,search_budget,p_object_pool,ctg_time_per_class,Size,Length,Total_Time,Random_Seed,LineCoverage,LineCoverageBitString,BranchCoverage,BranchCoverageBitString,ExceptionCoverage,ExceptionCoverageBitString,Explicit_MethodExceptions,Explicit_TypeExceptions,Implicit_MethodExceptions,Implicit_TypeExceptions,WeakMutationScore,WeakMutationCoverageBitString,OutputCoverage,OutputCoverageBitString,MethodCoverage,MethodCoverageBitString,MethodNoExceptionCoverage,MethodNoExceptionCoverageBitString,CBranchCoverage,CBranchCoverageBitString
org.cs362.dominion.Player,default,LINE;BRANCH;EXCEPTION;WEAKMUTATION;OUTPUT;METHOD;METHODNOEXCEPTION;CBRANCH,1,BUDGET,86,0.3,2,36,214,114840,1488264887967,0.9917355371900827,1111111111111111111111111111111111111111111111111111111111111111111111111111111110111111111111111111111111111111111111111,0.9615384615384616,1111111111111111101111110111111111111111111111111111,1.0,1111111111111111,0,0,16,4,0.981675392670157,1111111011111111111111111111111111111111111111101111111111111111111111111111111011111111111111111111111111111111111111111111111111111111111111111111111111111111111111111111111111111111111111111111111111111111111111111111111111111111111111111111111111111111111111111111011111111111111111111111111110111111111111111011111111111111111101111111111111111111111111111111111111111111111111,0.7,10011011111101111010,1.0,1111111111111,1.0,1111111111111,0.9615384615384616,1111111111111111011111110111111111111111111111111111
