TARGET_CLASS,configuration_id,criterion,ctg_min_time_per_job,ctg_schedule,search_budget,p_object_pool,ctg_time_per_class,Size,Length,Total_Time,Random_Seed,LineCoverage,LineCoverageBitString,BranchCoverage,BranchCoverageBitString,ExceptionCoverage,ExceptionCoverageBitString,Explicit_MethodExceptions,Explicit_TypeExceptions,Implicit_MethodExceptions,Implicit_TypeExceptions,WeakMutationScore,WeakMutationCoverageBitString,OutputCoverage,OutputCoverageBitString,MethodCoverage,MethodCoverageBitString,MethodNoExceptionCoverage,MethodNoExceptionCoverageBitString,CBranchCoverage,CBranchCoverageBitString
ORG.CS362.DOMINION.Player,default,LINE;BRANCH;EXCEPTION;WEAKMUTATION;OUTPUT;METHOD;METHODNOEXCEPTION;CBRANCH,1,BUDGET,71,0.3,2,34,173,92389,1488234495167,0.991304347826087,1111111111111111111111111111111111111111111111111111111111111111111111101111111111111111111111111111111111111111111,0.9772727272727273,11111111111111111110111111111111111111111111,1.0,111111111111,0,0,12,3,0.9795918367346939,1111111101111111111111111111111111111111011111111111111111111111111111111111111011111111111111111111111111111111111111111111111111111111111111111111111011111111111011111111111111111111111111111111111111111111111111111111111111111111111111011111111111111111111111111111111111111111111111111111111111111101111111111111111111111111111111111111111,0.8666666666666667,111111111111010,1.0,111111111111,1.0,111111111111,0.9772727272727273,11111111111111111101111111111111111111111111
