TARGET_CLASS,configuration_id,criterion,ctg_min_time_per_job,ctg_schedule,search_budget,p_object_pool,ctg_time_per_class,Size,Length,Total_Time,Random_Seed,LineCoverage,LineCoverageBitString,BranchCoverage,BranchCoverageBitString,ExceptionCoverage,ExceptionCoverageBitString,Explicit_MethodExceptions,Explicit_TypeExceptions,Implicit_MethodExceptions,Implicit_TypeExceptions,WeakMutationScore,WeakMutationCoverageBitString,OutputCoverage,OutputCoverageBitString,MethodCoverage,MethodCoverageBitString,MethodNoExceptionCoverage,MethodNoExceptionCoverageBitString,CBranchCoverage,CBranchCoverageBitString
org.cs362.dominion.Card,default,LINE;BRANCH;EXCEPTION;WEAKMUTATION;OUTPUT;METHOD;METHODNOEXCEPTION;CBRANCH,1,BUDGET,85,0.3,2,39,194,101679,1488250986169,0.9699248120300752,1111111111111111111111111111111111111111111111111111100111111111111111111111111111111111111111111111111111111111111111111111111111100,0.9411764705882353,111111111111111111111111111111111111111111111110100,1.0,1111,0,0,4,1,0.9666666666666667,111111111111111111111111111111111111111111111111111111111111111111111111011111111111111001,0.6444444444444445,101110001001111011001101111111001101110111010,1.0,11111111111111111,1.0,11111111111111111,0.9411764705882353,111111111111111111111111111111111111111111111111000
